R_m,rho_needed_conserv,rho_needed_realist,rho_needed_optimist,rho_avail_conserv,rho_avail_realist,rho_avail_optimist,gap_conserv,gap_realist,gap_optimist
1.0000e+01,4.3279e+57,4.3279e+57,4.3279e+57,5.7296e+04,3.1831e+07,3.1831e+10,7.5536e+52,1.3597e+50,1.3597e+47
1.0233e+01,4.1327e+57,4.1327e+57,4.1327e+57,5.7296e+04,3.1831e+07,3.1831e+10,7.2130e+52,1.2983e+50,1.2983e+47
1.0472e+01,3.9464e+57,3.9464e+57,3.9464e+57,5.7296e+04,3.1831e+07,3.1831e+10,6.8877e+52,1.2398e+50,1.2398e+47
1.0717e+01,3.7684e+57,3.7684e+57,3.7684e+57,5.7296e+04,3.1831e+07,3.1831e+10,6.5771e+52,1.1839e+50,1.1839e+47
1.0967e+01,3.5985e+57,3.5985e+57,3.5985e+57,5.7296e+04,3.1831e+07,3.1831e+10,6.2805e+52,1.1305e+50,1.1305e+47
1.1223e+01,3.4362e+57,3.4362e+57,3.4362e+57,5.7296e+04,3.1831e+07,3.1831e+10,5.9973e+52,1.0795e+50,1.0795e+47
1.1485e+01,3.2812e+57,3.2812e+57,3.2812e+57,5.7296e+04,3.1831e+07,3.1831e+10,5.7268e+52,1.0308e+50,1.0308e+47
1.1753e+01,3.1333e+57,3.1333e+57,3.1333e+57,5.7296e+04,3.1831e+07,3.1831e+10,5.4686e+52,9.8435e+49,9.8435e+46
1.2027e+01,2.9920e+57,2.9920e+57,2.9920e+57,5.7296e+04,3.1831e+07,3.1831e+10,5.2220e+52,9.3996e+49,9.3996e+46
1.2308e+01,2.8571e+57,2.8571e+57,2.8571e+57,5.7296e+04,3.1831e+07,3.1831e+10,4.9865e+52,8.9757e+49,8.9757e+46
1.2595e+01,2.7282e+57,2.7282e+57,2.7282e+57,5.7296e+04,3.1831e+07,3.1831e+10,4.7616e+52,8.5709e+49,8.5709e+46
1.2889e+01,2.6052e+57,2.6052e+57,2.6052e+57,5.7296e+04,3.1831e+07,3.1831e+10,4.5469e+52,8.1844e+49,8.1844e+46
1.3190e+01,2.4877e+57,2.4877e+57,2.4877e+57,5.7296e+04,3.1831e+07,3.1831e+10,4.3419e+52,7.8153e+49,7.8153e+46
1.3498e+01,2.3755e+57,2.3755e+57,2.3755e+57,5.7296e+04,3.1831e+07,3.1831e+10,4.1461e+52,7.4629e+49,7.4629e+46
1.3813e+01,2.2684e+57,2.2684e+57,2.2684e+57,5.7296e+04,3.1831e+07,3.1831e+10,3.9591e+52,7.1264e+49,7.1264e+46
1.4135e+01,2.1661e+57,2.1661e+57,2.1661e+57,5.7296e+04,3.1831e+07,3.1831e+10,3.7805e+52,6.8050e+49,6.8050e+46
1.4465e+01,2.0684e+57,2.0684e+57,2.0684e+57,5.7296e+04,3.1831e+07,3.1831e+10,3.6101e+52,6.4981e+49,6.4981e+46
1.4803e+01,1.9751e+57,1.9751e+57,1.9751e+57,5.7296e+04,3.1831e+07,3.1831e+10,3.4473e+52,6.2051e+49,6.2051e+46
1.5148e+01,1.8861e+57,1.8861e+57,1.8861e+57,5.7296e+04,3.1831e+07,3.1831e+10,3.2918e+52,5.9253e+49,5.9253e+46
1.5502e+01,1.8010e+57,1.8010e+57,1.8010e+57,5.7296e+04,3.1831e+07,3.1831e+10,3.1434e+52,5.6581e+49,5.6581e+46
1.5864e+01,1.7198e+57,1.7198e+57,1.7198e+57,5.7296e+04,3.1831e+07,3.1831e+10,3.0016e+52,5.4029e+49,5.4029e+46
1.6234e+01,1.6422e+57,1.6422e+57,1.6422e+57,5.7296e+04,3.1831e+07,3.1831e+10,2.8663e+52,5.1593e+49,5.1593e+46
1.6613e+01,1.5682e+57,1.5682e+57,1.5682e+57,5.7296e+04,3.1831e+07,3.1831e+10,2.7370e+52,4.9266e+49,4.9266e+46
1.7000e+01,1.4975e+57,1.4975e+57,1.4975e+57,5.7296e+04,3.1831e+07,3.1831e+10,2.6136e+52,4.7044e+49,4.7044e+46
1.7397e+01,1.4299e+57,1.4299e+57,1.4299e+57,5.7296e+04,3.1831e+07,3.1831e+10,2.4957e+52,4.4923e+49,4.4923e+46
1.7803e+01,1.3655e+57,1.3655e+57,1.3655e+57,5.7296e+04,3.1831e+07,3.1831e+10,2.3832e+52,4.2897e+49,4.2897e+46
1.8219e+01,1.3039e+57,1.3039e+57,1.3039e+57,5.7296e+04,3.1831e+07,3.1831e+10,2.2757e+52,4.0962e+49,4.0962e+46
1.8644e+01,1.2451e+57,1.2451e+57,1.2451e+57,5.7296e+04,3.1831e+07,3.1831e+10,2.1731e+52,3.9115e+49,3.9115e+46
1.9079e+01,1.1889e+57,1.1889e+57,1.1889e+57,5.7296e+04,3.1831e+07,3.1831e+10,2.0751e+52,3.7351e+49,3.7351e+46
1.9525e+01,1.1353e+57,1.1353e+57,1.1353e+57,5.7296e+04,3.1831e+07,3.1831e+10,1.9815e+52,3.5667e+49,3.5667e+46
1.9980e+01,1.0841e+57,1.0841e+57,1.0841e+57,5.7296e+04,3.1831e+07,3.1831e+10,1.8921e+52,3.4059e+49,3.4059e+46
2.0447e+01,1.0352e+57,1.0352e+57,1.0352e+57,5.7296e+04,3.1831e+07,3.1831e+10,1.8068e+52,3.2523e+49,3.2523e+46
2.0924e+01,9.8854e+56,9.8854e+56,9.8854e+56,5.7296e+04,3.1831e+07,3.1831e+10,1.7253e+52,3.1056e+49,3.1056e+46
2.1412e+01,9.4397e+56,9.4397e+56,9.4397e+56,5.7296e+04,3.1831e+07,3.1831e+10,1.6475e+52,2.9656e+49,2.9656e+46
2.1912e+01,9.0140e+56,9.0140e+56,9.0140e+56,5.7296e+04,3.1831e+07,3.1831e+10,1.5732e+52,2.8318e+49,2.8318e+46
2.2423e+01,8.6075e+56,8.6075e+56,8.6075e+56,5.7296e+04,3.1831e+07,3.1831e+10,1.5023e+52,2.7041e+49,2.7041e+46
2.2947e+01,8.2193e+56,8.2193e+56,8.2193e+56,5.7296e+04,3.1831e+07,3.1831e+10,1.4345e+52,2.5822e+49,2.5822e+46
2.3482e+01,7.8487e+56,7.8487e+56,7.8487e+56,5.7296e+04,3.1831e+07,3.1831e+10,1.3699e+52,2.4657e+49,2.4657e+46
2.4030e+01,7.4947e+56,7.4947e+56,7.4947e+56,5.7296e+04,3.1831e+07,3.1831e+10,1.3081e+52,2.3545e+49,2.3545e+46
2.4591e+01,7.1567e+56,7.1567e+56,7.1567e+56,5.7296e+04,3.1831e+07,3.1831e+10,1.2491e+52,2.2484e+49,2.2484e+46
2.5165e+01,6.8340e+56,6.8340e+56,6.8340e+56,5.7296e+04,3.1831e+07,3.1831e+10,1.1928e+52,2.1470e+49,2.1470e+46
2.5753e+01,6.5258e+56,6.5258e+56,6.5258e+56,5.7296e+04,3.1831e+07,3.1831e+10,1.1390e+52,2.0501e+49,2.0501e+46
2.6354e+01,6.2315e+56,6.2315e+56,6.2315e+56,5.7296e+04,3.1831e+07,3.1831e+10,1.0876e+52,1.9577e+49,1.9577e+46
2.6969e+01,5.9505e+56,5.9505e+56,5.9505e+56,5.7296e+04,3.1831e+07,3.1831e+10,1.0386e+52,1.8694e+49,1.8694e+46
2.7598e+01,5.6822e+56,5.6822e+56,5.6822e+56,5.7296e+04,3.1831e+07,3.1831e+10,9.9173e+51,1.7851e+49,1.7851e+46
2.8242e+01,5.4259e+56,5.4259e+56,5.4259e+56,5.7296e+04,3.1831e+07,3.1831e+10,9.4701e+51,1.7046e+49,1.7046e+46
2.8902e+01,5.1813e+56,5.1813e+56,5.1813e+56,5.7296e+04,3.1831e+07,3.1831e+10,9.0430e+51,1.6277e+49,1.6277e+46
2.9576e+01,4.9476e+56,4.9476e+56,4.9476e+56,5.7296e+04,3.1831e+07,3.1831e+10,8.6352e+51,1.5543e+49,1.5543e+46
3.0266e+01,4.7245e+56,4.7245e+56,4.7245e+56,5.7296e+04,3.1831e+07,3.1831e+10,8.2458e+51,1.4842e+49,1.4842e+46
3.0973e+01,4.5114e+56,4.5114e+56,4.5114e+56,5.7296e+04,3.1831e+07,3.1831e+10,7.8739e+51,1.4173e+49,1.4173e+46
3.1696e+01,4.3080e+56,4.3080e+56,4.3080e+56,5.7296e+04,3.1831e+07,3.1831e+10,7.5189e+51,1.3534e+49,1.3534e+46
3.2436e+01,4.1137e+56,4.1137e+56,4.1137e+56,5.7296e+04,3.1831e+07,3.1831e+10,7.1798e+51,1.2924e+49,1.2924e+46
3.3193e+01,3.9282e+56,3.9282e+56,3.9282e+56,5.7296e+04,3.1831e+07,3.1831e+10,6.8560e+51,1.2341e+49,1.2341e+46
3.3967e+01,3.7511e+56,3.7511e+56,3.7511e+56,5.7296e+04,3.1831e+07,3.1831e+10,6.5468e+51,1.1784e+49,1.1784e+46
3.4760e+01,3.5819e+56,3.5819e+56,3.5819e+56,5.7296e+04,3.1831e+07,3.1831e+10,6.2516e+51,1.1253e+49,1.1253e+46
3.5572e+01,3.4204e+56,3.4204e+56,3.4204e+56,5.7296e+04,3.1831e+07,3.1831e+10,5.9697e+51,1.0745e+49,1.0745e+46
3.6402e+01,3.2661e+56,3.2661e+56,3.2661e+56,5.7296e+04,3.1831e+07,3.1831e+10,5.7005e+51,1.0261e+49,1.0261e+46
3.7251e+01,3.1188e+56,3.1188e+56,3.1188e+56,5.7296e+04,3.1831e+07,3.1831e+10,5.4434e+51,9.7981e+48,9.7981e+45
3.8121e+01,2.9782e+56,2.9782e+56,2.9782e+56,5.7296e+04,3.1831e+07,3.1831e+10,5.1979e+51,9.3563e+48,9.3563e+45
3.9011e+01,2.8439e+56,2.8439e+56,2.8439e+56,5.7296e+04,3.1831e+07,3.1831e+10,4.9635e+51,8.9344e+48,8.9344e+45
3.9921e+01,2.7157e+56,2.7157e+56,2.7157e+56,5.7296e+04,3.1831e+07,3.1831e+10,4.7397e+51,8.5315e+48,8.5315e+45
4.0853e+01,2.5932e+56,2.5932e+56,2.5932e+56,5.7296e+04,3.1831e+07,3.1831e+10,4.5260e+51,8.1467e+48,8.1467e+45
4.1806e+01,2.4762e+56,2.4762e+56,2.4762e+56,5.7296e+04,3.1831e+07,3.1831e+10,4.3219e+51,7.7794e+48,7.7794e+45
4.2782e+01,2.3646e+56,2.3646e+56,2.3646e+56,5.7296e+04,3.1831e+07,3.1831e+10,4.1270e+51,7.4285e+48,7.4285e+45
4.3781e+01,2.2579e+56,2.2579e+56,2.2579e+56,5.7296e+04,3.1831e+07,3.1831e+10,3.9409e+51,7.0935e+48,7.0935e+45
4.4803e+01,2.1561e+56,2.1561e+56,2.1561e+56,5.7296e+04,3.1831e+07,3.1831e+10,3.7631e+51,6.7737e+48,6.7737e+45
4.5848e+01,2.0589e+56,2.0589e+56,2.0589e+56,5.7296e+04,3.1831e+07,3.1831e+10,3.5934e+51,6.4682e+48,6.4682e+45
4.6918e+01,1.9660e+56,1.9660e+56,1.9660e+56,5.7296e+04,3.1831e+07,3.1831e+10,3.4314e+51,6.1765e+48,6.1765e+45
4.8013e+01,1.8774e+56,1.8774e+56,1.8774e+56,5.7296e+04,3.1831e+07,3.1831e+10,3.2767e+51,5.8980e+48,5.8980e+45
4.9134e+01,1.7927e+56,1.7927e+56,1.7927e+56,5.7296e+04,3.1831e+07,3.1831e+10,3.1289e+51,5.6320e+48,5.6320e+45
5.0281e+01,1.7119e+56,1.7119e+56,1.7119e+56,5.7296e+04,3.1831e+07,3.1831e+10,2.9878e+51,5.3780e+48,5.3780e+45
5.1454e+01,1.6347e+56,1.6347e+56,1.6347e+56,5.7296e+04,3.1831e+07,3.1831e+10,2.8531e+51,5.1355e+48,5.1355e+45
5.2655e+01,1.5610e+56,1.5610e+56,1.5610e+56,5.7296e+04,3.1831e+07,3.1831e+10,2.7244e+51,4.9039e+48,4.9039e+45
5.3884e+01,1.4906e+56,1.4906e+56,1.4906e+56,5.7296e+04,3.1831e+07,3.1831e+10,2.6015e+51,4.6828e+48,4.6828e+45
5.5142e+01,1.4234e+56,1.4234e+56,1.4234e+56,5.7296e+04,3.1831e+07,3.1831e+10,2.4842e+51,4.4716e+48,4.4716e+45
5.6429e+01,1.3592e+56,1.3592e+56,1.3592e+56,5.7296e+04,3.1831e+07,3.1831e+10,2.3722e+51,4.2699e+48,4.2699e+45
5.7746e+01,1.2979e+56,1.2979e+56,1.2979e+56,5.7296e+04,3.1831e+07,3.1831e+10,2.2652e+51,4.0774e+48,4.0774e+45
5.9094e+01,1.2393e+56,1.2393e+56,1.2393e+56,5.7296e+04,3.1831e+07,3.1831e+10,2.1631e+51,3.8935e+48,3.8935e+45
6.0473e+01,1.1835e+56,1.1835e+56,1.1835e+56,5.7296e+04,3.1831e+07,3.1831e+10,2.0655e+51,3.7179e+48,3.7179e+45
6.1885e+01,1.1301e+56,1.1301e+56,1.1301e+56,5.7296e+04,3.1831e+07,3.1831e+10,1.9724e+51,3.5503e+48,3.5503e+45
6.3329e+01,1.0791e+56,1.0791e+56,1.0791e+56,5.7296e+04,3.1831e+07,3.1831e+10,1.8834e+51,3.3902e+48,3.3902e+45
6.4807e+01,1.0305e+56,1.0305e+56,1.0305e+56,5.7296e+04,3.1831e+07,3.1831e+10,1.7985e+51,3.2373e+48,3.2373e+45
6.6320e+01,9.8399e+55,9.8399e+55,9.8399e+55,5.7296e+04,3.1831e+07,3.1831e+10,1.7174e+51,3.0913e+48,3.0913e+45
6.7868e+01,9.3962e+55,9.3962e+55,9.3962e+55,5.7296e+04,3.1831e+07,3.1831e+10,1.6399e+51,2.9519e+48,2.9519e+45
6.9452e+01,8.9725e+55,8.9725e+55,8.9725e+55,5.7296e+04,3.1831e+07,3.1831e+10,1.5660e+51,2.8188e+48,2.8188e+45
7.1073e+01,8.5678e+55,8.5678e+55,8.5678e+55,5.7296e+04,3.1831e+07,3.1831e+10,1.4954e+51,2.6917e+48,2.6917e+45
7.2732e+01,8.1815e+55,8.1815e+55,8.1815e+55,5.7296e+04,3.1831e+07,3.1831e+10,1.4279e+51,2.5703e+48,2.5703e+45
7.4429e+01,7.8125e+55,7.8125e+55,7.8125e+55,5.7296e+04,3.1831e+07,3.1831e+10,1.3635e+51,2.4544e+48,2.4544e+45
7.6166e+01,7.4602e+55,7.4602e+55,7.4602e+55,5.7296e+04,3.1831e+07,3.1831e+10,1.3021e+51,2.3437e+48,2.3437e+45
7.7944e+01,7.1238e+55,7.1238e+55,7.1238e+55,5.7296e+04,3.1831e+07,3.1831e+10,1.2433e+51,2.2380e+48,2.2380e+45
7.9763e+01,6.8025e+55,6.8025e+55,6.8025e+55,5.7296e+04,3.1831e+07,3.1831e+10,1.1873e+51,2.1371e+48,2.1371e+45
8.1625e+01,6.4958e+55,6.4958e+55,6.4958e+55,5.7296e+04,3.1831e+07,3.1831e+10,1.1337e+51,2.0407e+48,2.0407e+45
8.3530e+01,6.2028e+55,6.2028e+55,6.2028e+55,5.7296e+04,3.1831e+07,3.1831e+10,1.0826e+51,1.9487e+48,1.9487e+45
8.5480e+01,5.9231e+55,5.9231e+55,5.9231e+55,5.7296e+04,3.1831e+07,3.1831e+10,1.0338e+51,1.8608e+48,1.8608e+45
8.7475e+01,5.6560e+55,5.6560e+55,5.6560e+55,5.7296e+04,3.1831e+07,3.1831e+10,9.8716e+50,1.7769e+48,1.7769e+45
8.9517e+01,5.4010e+55,5.4010e+55,5.4010e+55,5.7296e+04,3.1831e+07,3.1831e+10,9.4265e+50,1.6968e+48,1.6968e+45
9.1606e+01,5.1574e+55,5.1574e+55,5.1574e+55,5.7296e+04,3.1831e+07,3.1831e+10,9.0014e+50,1.6202e+48,1.6202e+45
9.3744e+01,4.9248e+55,4.9248e+55,4.9248e+55,5.7296e+04,3.1831e+07,3.1831e+10,8.5954e+50,1.5472e+48,1.5472e+45
9.5932e+01,4.7027e+55,4.7027e+55,4.7027e+55,5.7296e+04,3.1831e+07,3.1831e+10,8.2078e+50,1.4774e+48,1.4774e+45
9.8171e+01,4.4907e+55,4.4907e+55,4.4907e+55,5.7296e+04,3.1831e+07,3.1831e+10,7.8377e+50,1.4108e+48,1.4108e+45
1.0046e+02,4.2882e+55,4.2882e+55,4.2882e+55,5.7296e+04,3.1831e+07,3.1831e+10,7.4842e+50,1.3472e+48,1.3472e+45
1.0281e+02,4.0948e+55,4.0948e+55,4.0948e+55,5.7296e+04,3.1831e+07,3.1831e+10,7.1467e+50,1.2864e+48,1.2864e+45
1.0521e+02,3.9101e+55,3.9101e+55,3.9101e+55,5.7296e+04,3.1831e+07,3.1831e+10,6.8245e+50,1.2284e+48,1.2284e+45
1.0766e+02,3.7338e+55,3.7338e+55,3.7338e+55,5.7296e+04,3.1831e+07,3.1831e+10,6.5167e+50,1.1730e+48,1.1730e+45
1.1018e+02,3.5654e+55,3.5654e+55,3.5654e+55,5.7296e+04,3.1831e+07,3.1831e+10,6.2228e+50,1.1201e+48,1.1201e+45
1.1275e+02,3.4046e+55,3.4046e+55,3.4046e+55,5.7296e+04,3.1831e+07,3.1831e+10,5.9422e+50,1.0696e+48,1.0696e+45
1.1538e+02,3.2511e+55,3.2511e+55,3.2511e+55,5.7296e+04,3.1831e+07,3.1831e+10,5.6742e+50,1.0214e+48,1.0214e+45
1.1807e+02,3.1045e+55,3.1045e+55,3.1045e+55,5.7296e+04,3.1831e+07,3.1831e+10,5.4184e+50,9.7530e+47,9.7530e+44
1.2083e+02,2.9645e+55,2.9645e+55,2.9645e+55,5.7296e+04,3.1831e+07,3.1831e+10,5.1740e+50,9.3132e+47,9.3132e+44
1.2365e+02,2.8308e+55,2.8308e+55,2.8308e+55,5.7296e+04,3.1831e+07,3.1831e+10,4.9407e+50,8.8932e+47,8.8932e+44
1.2653e+02,2.7031e+55,2.7031e+55,2.7031e+55,5.7296e+04,3.1831e+07,3.1831e+10,4.7179e+50,8.4922e+47,8.4922e+44
1.2949e+02,2.5812e+55,2.5812e+55,2.5812e+55,5.7296e+04,3.1831e+07,3.1831e+10,4.5051e+50,8.1092e+47,8.1092e+44
1.3251e+02,2.4648e+55,2.4648e+55,2.4648e+55,5.7296e+04,3.1831e+07,3.1831e+10,4.3020e+50,7.7435e+47,7.7435e+44
1.3560e+02,2.3537e+55,2.3537e+55,2.3537e+55,5.7296e+04,3.1831e+07,3.1831e+10,4.1080e+50,7.3943e+47,7.3943e+44
1.3877e+02,2.2476e+55,2.2476e+55,2.2476e+55,5.7296e+04,3.1831e+07,3.1831e+10,3.9227e+50,7.0609e+47,7.0609e+44
1.4201e+02,2.1462e+55,2.1462e+55,2.1462e+55,5.7296e+04,3.1831e+07,3.1831e+10,3.7458e+50,6.7425e+47,6.7425e+44
1.4532e+02,2.0494e+55,2.0494e+55,2.0494e+55,5.7296e+04,3.1831e+07,3.1831e+10,3.5769e+50,6.4384e+47,6.4384e+44
1.4871e+02,1.9570e+55,1.9570e+55,1.9570e+55,5.7296e+04,3.1831e+07,3.1831e+10,3.4156e+50,6.1481e+47,6.1481e+44
1.5218e+02,1.8687e+55,1.8687e+55,1.8687e+55,5.7296e+04,3.1831e+07,3.1831e+10,3.2616e+50,5.8708e+47,5.8708e+44
1.5573e+02,1.7845e+55,1.7845e+55,1.7845e+55,5.7296e+04,3.1831e+07,3.1831e+10,3.1145e+50,5.6061e+47,5.6061e+44
1.5937e+02,1.7040e+55,1.7040e+55,1.7040e+55,5.7296e+04,3.1831e+07,3.1831e+10,2.9740e+50,5.3533e+47,5.3533e+44
1.6309e+02,1.6272e+55,1.6272e+55,1.6272e+55,5.7296e+04,3.1831e+07,3.1831e+10,2.8399e+50,5.1119e+47,5.1119e+44
1.6690e+02,1.5538e+55,1.5538e+55,1.5538e+55,5.7296e+04,3.1831e+07,3.1831e+10,2.7119e+50,4.8813e+47,4.8813e+44
1.7079e+02,1.4837e+55,1.4837e+55,1.4837e+55,5.7296e+04,3.1831e+07,3.1831e+10,2.5896e+50,4.6612e+47,4.6612e+44
1.7478e+02,1.4168e+55,1.4168e+55,1.4168e+55,5.7296e+04,3.1831e+07,3.1831e+10,2.4728e+50,4.4510e+47,4.4510e+44
1.7886e+02,1.3529e+55,1.3529e+55,1.3529e+55,5.7296e+04,3.1831e+07,3.1831e+10,2.3613e+50,4.2503e+47,4.2503e+44
1.8303e+02,1.2919e+55,1.2919e+55,1.2919e+55,5.7296e+04,3.1831e+07,3.1831e+10,2.2548e+50,4.0586e+47,4.0586e+44
1.8730e+02,1.2336e+55,1.2336e+55,1.2336e+55,5.7296e+04,3.1831e+07,3.1831e+10,2.1531e+50,3.8756e+47,3.8756e+44
1.9167e+02,1.1780e+55,1.1780e+55,1.1780e+55,5.7296e+04,3.1831e+07,3.1831e+10,2.0560e+50,3.7008e+47,3.7008e+44
1.9615e+02,1.1249e+55,1.1249e+55,1.1249e+55,5.7296e+04,3.1831e+07,3.1831e+10,1.9633e+50,3.5339e+47,3.5339e+44
2.0073e+02,1.0742e+55,1.0742e+55,1.0742e+55,5.7296e+04,3.1831e+07,3.1831e+10,1.8748e+50,3.3746e+47,3.3746e+44
2.0541e+02,1.0257e+55,1.0257e+55,1.0257e+55,5.7296e+04,3.1831e+07,3.1831e+10,1.7902e+50,3.2224e+47,3.2224e+44
2.1021e+02,9.7946e+54,9.7946e+54,9.7946e+54,5.7296e+04,3.1831e+07,3.1831e+10,1.7095e+50,3.0771e+47,3.0771e+44
2.1511e+02,9.3529e+54,9.3529e+54,9.3529e+54,5.7296e+04,3.1831e+07,3.1831e+10,1.6324e+50,2.9383e+47,2.9383e+44
2.2013e+02,8.9312e+54,8.9312e+54,8.9312e+54,5.7296e+04,3.1831e+07,3.1831e+10,1.5588e+50,2.8058e+47,2.8058e+44
2.2527e+02,8.5284e+54,8.5284e+54,8.5284e+54,5.7296e+04,3.1831e+07,3.1831e+10,1.4885e+50,2.6793e+47,2.6793e+44
2.3053e+02,8.1438e+54,8.1438e+54,8.1438e+54,5.7296e+04,3.1831e+07,3.1831e+10,1.4214e+50,2.5585e+47,2.5585e+44
2.3591e+02,7.7766e+54,7.7766e+54,7.7766e+54,5.7296e+04,3.1831e+07,3.1831e+10,1.3573e+50,2.4431e+47,2.4431e+44
2.4142e+02,7.4259e+54,7.4259e+54,7.4259e+54,5.7296e+04,3.1831e+07,3.1831e+10,1.2961e+50,2.3329e+47,2.3329e+44
2.4705e+02,7.0910e+54,7.0910e+54,7.0910e+54,5.7296e+04,3.1831e+07,3.1831e+10,1.2376e+50,2.2277e+47,2.2277e+44
2.5282e+02,6.7712e+54,6.7712e+54,6.7712e+54,5.7296e+04,3.1831e+07,3.1831e+10,1.1818e+50,2.1272e+47,2.1272e+44
2.5872e+02,6.4659e+54,6.4659e+54,6.4659e+54,5.7296e+04,3.1831e+07,3.1831e+10,1.1285e+50,2.0313e+47,2.0313e+44
2.6476e+02,6.1743e+54,6.1743e+54,6.1743e+54,5.7296e+04,3.1831e+07,3.1831e+10,1.0776e+50,1.9397e+47,1.9397e+44
2.7094e+02,5.8959e+54,5.8959e+54,5.8959e+54,5.7296e+04,3.1831e+07,3.1831e+10,1.0290e+50,1.8522e+47,1.8522e+44
2.7726e+02,5.6300e+54,5.6300e+54,5.6300e+54,5.7296e+04,3.1831e+07,3.1831e+10,9.8262e+49,1.7687e+47,1.7687e+44
2.8373e+02,5.3761e+54,5.3761e+54,5.3761e+54,5.7296e+04,3.1831e+07,3.1831e+10,9.3831e+49,1.6890e+47,1.6890e+44
2.9035e+02,5.1337e+54,5.1337e+54,5.1337e+54,5.7296e+04,3.1831e+07,3.1831e+10,8.9599e+49,1.6128e+47,1.6128e+44
2.9713e+02,4.9022e+54,4.9022e+54,4.9022e+54,5.7296e+04,3.1831e+07,3.1831e+10,8.5559e+49,1.5401e+47,1.5401e+44
3.0406e+02,4.6811e+54,4.6811e+54,4.6811e+54,5.7296e+04,3.1831e+07,3.1831e+10,8.1700e+49,1.4706e+47,1.4706e+44
3.1116e+02,4.4700e+54,4.4700e+54,4.4700e+54,5.7296e+04,3.1831e+07,3.1831e+10,7.8016e+49,1.4043e+47,1.4043e+44
3.1842e+02,4.2684e+54,4.2684e+54,4.2684e+54,5.7296e+04,3.1831e+07,3.1831e+10,7.4498e+49,1.3410e+47,1.3410e+44
3.2586e+02,4.0759e+54,4.0759e+54,4.0759e+54,5.7296e+04,3.1831e+07,3.1831e+10,7.1138e+49,1.2805e+47,1.2805e+44
3.3346e+02,3.8921e+54,3.8921e+54,3.8921e+54,5.7296e+04,3.1831e+07,3.1831e+10,6.7930e+49,1.2227e+47,1.2227e+44
3.4124e+02,3.7166e+54,3.7166e+54,3.7166e+54,5.7296e+04,3.1831e+07,3.1831e+10,6.4867e+49,1.1676e+47,1.1676e+44
3.4921e+02,3.5490e+54,3.5490e+54,3.5490e+54,5.7296e+04,3.1831e+07,3.1831e+10,6.1942e+49,1.1150e+47,1.1150e+44
3.5736e+02,3.3890e+54,3.3890e+54,3.3890e+54,5.7296e+04,3.1831e+07,3.1831e+10,5.9148e+49,1.0647e+47,1.0647e+44
3.6570e+02,3.2361e+54,3.2361e+54,3.2361e+54,5.7296e+04,3.1831e+07,3.1831e+10,5.6481e+49,1.0167e+47,1.0167e+44
3.7424e+02,3.0902e+54,3.0902e+54,3.0902e+54,5.7296e+04,3.1831e+07,3.1831e+10,5.3934e+49,9.7081e+46,9.7081e+43
3.8297e+02,2.9508e+54,2.9508e+54,2.9508e+54,5.7296e+04,3.1831e+07,3.1831e+10,5.1502e+49,9.2703e+46,9.2703e+43
3.9191e+02,2.8178e+54,2.8178e+54,2.8178e+54,5.7296e+04,3.1831e+07,3.1831e+10,4.9179e+49,8.8523e+46,8.8523e+43
4.0106e+02,2.6907e+54,2.6907e+54,2.6907e+54,5.7296e+04,3.1831e+07,3.1831e+10,4.6962e+49,8.4531e+46,8.4531e+43
4.1042e+02,2.5694e+54,2.5694e+54,2.5694e+54,5.7296e+04,3.1831e+07,3.1831e+10,4.4844e+49,8.0719e+46,8.0719e+43
4.2000e+02,2.4535e+54,2.4535e+54,2.4535e+54,5.7296e+04,3.1831e+07,3.1831e+10,4.2822e+49,7.7079e+46,7.7079e+43
4.2980e+02,2.3429e+54,2.3429e+54,2.3429e+54,5.7296e+04,3.1831e+07,3.1831e+10,4.0891e+49,7.3603e+46,7.3603e+43
4.3983e+02,2.2372e+54,2.2372e+54,2.2372e+54,5.7296e+04,3.1831e+07,3.1831e+10,3.9047e+49,7.0284e+46,7.0284e+43
4.5010e+02,2.1363e+54,2.1363e+54,2.1363e+54,5.7296e+04,3.1831e+07,3.1831e+10,3.7286e+49,6.7114e+46,6.7114e+43
4.6060e+02,2.0400e+54,2.0400e+54,2.0400e+54,5.7296e+04,3.1831e+07,3.1831e+10,3.5604e+49,6.4088e+46,6.4088e+43
4.7135e+02,1.9480e+54,1.9480e+54,1.9480e+54,5.7296e+04,3.1831e+07,3.1831e+10,3.3999e+49,6.1198e+46,6.1198e+43
4.8235e+02,1.8601e+54,1.8601e+54,1.8601e+54,5.7296e+04,3.1831e+07,3.1831e+10,3.2466e+49,5.8438e+46,5.8438e+43
4.9361e+02,1.7763e+54,1.7763e+54,1.7763e+54,5.7296e+04,3.1831e+07,3.1831e+10,3.1001e+49,5.5803e+46,5.5803e+43
5.0513e+02,1.6962e+54,1.6962e+54,1.6962e+54,5.7296e+04,3.1831e+07,3.1831e+10,2.9603e+49,5.3286e+46,5.3286e+43
5.1692e+02,1.6197e+54,1.6197e+54,1.6197e+54,5.7296e+04,3.1831e+07,3.1831e+10,2.8268e+49,5.0883e+46,5.0883e+43
5.2899e+02,1.5466e+54,1.5466e+54,1.5466e+54,5.7296e+04,3.1831e+07,3.1831e+10,2.6994e+49,4.8589e+46,4.8589e+43
5.4134e+02,1.4769e+54,1.4769e+54,1.4769e+54,5.7296e+04,3.1831e+07,3.1831e+10,2.5776e+49,4.6398e+46,4.6398e+43
5.5397e+02,1.4103e+54,1.4103e+54,1.4103e+54,5.7296e+04,3.1831e+07,3.1831e+10,2.4614e+49,4.4305e+46,4.4305e+43
5.6690e+02,1.3467e+54,1.3467e+54,1.3467e+54,5.7296e+04,3.1831e+07,3.1831e+10,2.3504e+49,4.2307e+46,4.2307e+43
5.8013e+02,1.2860e+54,1.2860e+54,1.2860e+54,5.7296e+04,3.1831e+07,3.1831e+10,2.2444e+49,4.0399e+46,4.0399e+43
5.9367e+02,1.2280e+54,1.2280e+54,1.2280e+54,5.7296e+04,3.1831e+07,3.1831e+10,2.1432e+49,3.8578e+46,3.8578e+43
6.0753e+02,1.1726e+54,1.1726e+54,1.1726e+54,5.7296e+04,3.1831e+07,3.1831e+10,2.0465e+49,3.6838e+46,3.6838e+43
6.2171e+02,1.1197e+54,1.1197e+54,1.1197e+54,5.7296e+04,3.1831e+07,3.1831e+10,1.9543e+49,3.5177e+46,3.5177e+43
6.3622e+02,1.0692e+54,1.0692e+54,1.0692e+54,5.7296e+04,3.1831e+07,3.1831e+10,1.8661e+49,3.3590e+46,3.3590e+43
6.5107e+02,1.0210e+54,1.0210e+54,1.0210e+54,5.7296e+04,3.1831e+07,3.1831e+10,1.7820e+49,3.2076e+46,3.2076e+43
6.6627e+02,9.7495e+53,9.7495e+53,9.7495e+53,5.7296e+04,3.1831e+07,3.1831e+10,1.7016e+49,3.0629e+46,3.0629e+43
6.8182e+02,9.3099e+53,9.3099e+53,9.3099e+53,5.7296e+04,3.1831e+07,3.1831e+10,1.6249e+49,2.9248e+46,2.9248e+43
6.9773e+02,8.8900e+53,8.8900e+53,8.8900e+53,5.7296e+04,3.1831e+07,3.1831e+10,1.5516e+49,2.7929e+46,2.7929e+43
7.1402e+02,8.4891e+53,8.4891e+53,8.4891e+53,5.7296e+04,3.1831e+07,3.1831e+10,1.4816e+49,2.6669e+46,2.6669e+43
7.3068e+02,8.1063e+53,8.1063e+53,8.1063e+53,5.7296e+04,3.1831e+07,3.1831e+10,1.4148e+49,2.5467e+46,2.5467e+43
7.4773e+02,7.7408e+53,7.7408e+53,7.7408e+53,5.7296e+04,3.1831e+07,3.1831e+10,1.3510e+49,2.4318e+46,2.4318e+43
7.6519e+02,7.3917e+53,7.3917e+53,7.3917e+53,5.7296e+04,3.1831e+07,3.1831e+10,1.2901e+49,2.3222e+46,2.3222e+43
7.8305e+02,7.0584e+53,7.0584e+53,7.0584e+53,5.7296e+04,3.1831e+07,3.1831e+10,1.2319e+49,2.2174e+46,2.2174e+43
8.0132e+02,6.7401e+53,6.7401e+53,6.7401e+53,5.7296e+04,3.1831e+07,3.1831e+10,1.1764e+49,2.1175e+46,2.1175e+43
8.2003e+02,6.4361e+53,6.4361e+53,6.4361e+53,5.7296e+04,3.1831e+07,3.1831e+10,1.1233e+49,2.0220e+46,2.0220e+43
8.3917e+02,6.1459e+53,6.1459e+53,6.1459e+53,5.7296e+04,3.1831e+07,3.1831e+10,1.0727e+49,1.9308e+46,1.9308e+43
8.5875e+02,5.8687e+53,5.8687e+53,5.8687e+53,5.7296e+04,3.1831e+07,3.1831e+10,1.0243e+49,1.8437e+46,1.8437e+43
8.7880e+02,5.6041e+53,5.6041e+53,5.6041e+53,5.7296e+04,3.1831e+07,3.1831e+10,9.7809e+48,1.7606e+46,1.7606e+43
8.9931e+02,5.3513e+53,5.3513e+53,5.3513e+53,5.7296e+04,3.1831e+07,3.1831e+10,9.3399e+48,1.6812e+46,1.6812e+43
9.2030e+02,5.1100e+53,5.1100e+53,5.1100e+53,5.7296e+04,3.1831e+07,3.1831e+10,8.9187e+48,1.6054e+46,1.6054e+43
9.4178e+02,4.8796e+53,4.8796e+53,4.8796e+53,5.7296e+04,3.1831e+07,3.1831e+10,8.5165e+48,1.5330e+46,1.5330e+43
9.6376e+02,4.6595e+53,4.6595e+53,4.6595e+53,5.7296e+04,3.1831e+07,3.1831e+10,8.1324e+48,1.4638e+46,1.4638e+43
9.8625e+02,4.4494e+53,4.4494e+53,4.4494e+53,5.7296e+04,3.1831e+07,3.1831e+10,7.7657e+48,1.3978e+46,1.3978e+43
1.0093e+03,4.2488e+53,4.2488e+53,4.2488e+53,5.7296e+04,3.1831e+07,3.1831e+10,7.4155e+48,1.3348e+46,1.3348e+43
1.0328e+03,4.0572e+53,4.0572e+53,4.0572e+53,5.7296e+04,3.1831e+07,3.1831e+10,7.0811e+48,1.2746e+46,1.2746e+43
1.0569e+03,3.8742e+53,3.8742e+53,3.8742e+53,5.7296e+04,3.1831e+07,3.1831e+10,6.7618e+48,1.2171e+46,1.2171e+43
1.0816e+03,3.6995e+53,3.6995e+53,3.6995e+53,5.7296e+04,3.1831e+07,3.1831e+10,6.4568e+48,1.1622e+46,1.1622e+43
1.1068e+03,3.5327e+53,3.5327e+53,3.5327e+53,5.7296e+04,3.1831e+07,3.1831e+10,6.1657e+48,1.1098e+46,1.1098e+43
1.1327e+03,3.3734e+53,3.3734e+53,3.3734e+53,5.7296e+04,3.1831e+07,3.1831e+10,5.8876e+48,1.0598e+46,1.0598e+43
1.1591e+03,3.2212e+53,3.2212e+53,3.2212e+53,5.7296e+04,3.1831e+07,3.1831e+10,5.6221e+48,1.0120e+46,1.0120e+43
1.1862e+03,3.0760e+53,3.0760e+53,3.0760e+53,5.7296e+04,3.1831e+07,3.1831e+10,5.3686e+48,9.6634e+45,9.6634e+42
1.2139e+03,2.9373e+53,2.9373e+53,2.9373e+53,5.7296e+04,3.1831e+07,3.1831e+10,5.1265e+48,9.2277e+45,9.2277e+42
1.2422e+03,2.8048e+53,2.8048e+53,2.8048e+53,5.7296e+04,3.1831e+07,3.1831e+10,4.8953e+48,8.8115e+45,8.8115e+42
1.2712e+03,2.6783e+53,2.6783e+53,2.6783e+53,5.7296e+04,3.1831e+07,3.1831e+10,4.6745e+48,8.4142e+45,8.4142e+42
1.3009e+03,2.5575e+53,2.5575e+53,2.5575e+53,5.7296e+04,3.1831e+07,3.1831e+10,4.4637e+48,8.0347e+45,8.0347e+42
1.3312e+03,2.4422e+53,2.4422e+53,2.4422e+53,5.7296e+04,3.1831e+07,3.1831e+10,4.2624e+48,7.6724e+45,7.6724e+42
1.3623e+03,2.3321e+53,2.3321e+53,2.3321e+53,5.7296e+04,3.1831e+07,3.1831e+10,4.0702e+48,7.3264e+45,7.3264e+42
1.3941e+03,2.2269e+53,2.2269e+53,2.2269e+53,5.7296e+04,3.1831e+07,3.1831e+10,3.8867e+48,6.9960e+45,6.9960e+42
1.4266e+03,2.1265e+53,2.1265e+53,2.1265e+53,5.7296e+04,3.1831e+07,3.1831e+10,3.7114e+48,6.6805e+45,6.6805e+42
1.4599e+03,2.0306e+53,2.0306e+53,2.0306e+53,5.7296e+04,3.1831e+07,3.1831e+10,3.5440e+48,6.3793e+45,6.3793e+42
1.4940e+03,1.9390e+53,1.9390e+53,1.9390e+53,5.7296e+04,3.1831e+07,3.1831e+10,3.3842e+48,6.0916e+45,6.0916e+42
1.5289e+03,1.8516e+53,1.8516e+53,1.8516e+53,5.7296e+04,3.1831e+07,3.1831e+10,3.2316e+48,5.8169e+45,5.8169e+42
1.5645e+03,1.7681e+53,1.7681e+53,1.7681e+53,5.7296e+04,3.1831e+07,3.1831e+10,3.0859e+48,5.5546e+45,5.5546e+42
1.6011e+03,1.6883e+53,1.6883e+53,1.6883e+53,5.7296e+04,3.1831e+07,3.1831e+10,2.9467e+48,5.3041e+45,5.3041e+42
1.6384e+03,1.6122e+53,1.6122e+53,1.6122e+53,5.7296e+04,3.1831e+07,3.1831e+10,2.8138e+48,5.0649e+45,5.0649e+42
1.6767e+03,1.5395e+53,1.5395e+53,1.5395e+53,5.7296e+04,3.1831e+07,3.1831e+10,2.6869e+48,4.8365e+45,4.8365e+42
1.7158e+03,1.4701e+53,1.4701e+53,1.4701e+53,5.7296e+04,3.1831e+07,3.1831e+10,2.5658e+48,4.6184e+45,4.6184e+42
1.7559e+03,1.4038e+53,1.4038e+53,1.4038e+53,5.7296e+04,3.1831e+07,3.1831e+10,2.4501e+48,4.4101e+45,4.4101e+42
1.7968e+03,1.3405e+53,1.3405e+53,1.3405e+53,5.7296e+04,3.1831e+07,3.1831e+10,2.3396e+48,4.2112e+45,4.2112e+42
1.8388e+03,1.2800e+53,1.2800e+53,1.2800e+53,5.7296e+04,3.1831e+07,3.1831e+10,2.2341e+48,4.0213e+45,4.0213e+42
1.8817e+03,1.2223e+53,1.2223e+53,1.2223e+53,5.7296e+04,3.1831e+07,3.1831e+10,2.1333e+48,3.8400e+45,3.8400e+42
1.9256e+03,1.1672e+53,1.1672e+53,1.1672e+53,5.7296e+04,3.1831e+07,3.1831e+10,2.0371e+48,3.6668e+45,3.6668e+42
1.9706e+03,1.1146e+53,1.1146e+53,1.1146e+53,5.7296e+04,3.1831e+07,3.1831e+10,1.9453e+48,3.5015e+45,3.5015e+42
2.0166e+03,1.0643e+53,1.0643e+53,1.0643e+53,5.7296e+04,3.1831e+07,3.1831e+10,1.8575e+48,3.3436e+45,3.3436e+42
2.0636e+03,1.0163e+53,1.0163e+53,1.0163e+53,5.7296e+04,3.1831e+07,3.1831e+10,1.7738e+48,3.1928e+45,3.1928e+42
2.1118e+03,9.7047e+52,9.7047e+52,9.7047e+52,5.7296e+04,3.1831e+07,3.1831e+10,1.6938e+48,3.0488e+45,3.0488e+42
2.1611e+03,9.2670e+52,9.2670e+52,9.2670e+52,5.7296e+04,3.1831e+07,3.1831e+10,1.6174e+48,2.9113e+45,2.9113e+42
2.2115e+03,8.8491e+52,8.8491e+52,8.8491e+52,5.7296e+04,3.1831e+07,3.1831e+10,1.5445e+48,2.7800e+45,2.7800e+42
2.2631e+03,8.4501e+52,8.4501e+52,8.4501e+52,5.7296e+04,3.1831e+07,3.1831e+10,1.4748e+48,2.6547e+45,2.6547e+42
2.3160e+03,8.0690e+52,8.0690e+52,8.0690e+52,5.7296e+04,3.1831e+07,3.1831e+10,1.4083e+48,2.5350e+45,2.5350e+42
2.3700e+03,7.7051e+52,7.7051e+52,7.7051e+52,5.7296e+04,3.1831e+07,3.1831e+10,1.3448e+48,2.4206e+45,2.4206e+42
2.4253e+03,7.3577e+52,7.3577e+52,7.3577e+52,5.7296e+04,3.1831e+07,3.1831e+10,1.2842e+48,2.3115e+45,2.3115e+42
2.4819e+03,7.0259e+52,7.0259e+52,7.0259e+52,5.7296e+04,3.1831e+07,3.1831e+10,1.2262e+48,2.2072e+45,2.2072e+42
2.5399e+03,6.7090e+52,6.7090e+52,6.7090e+52,5.7296e+04,3.1831e+07,3.1831e+10,1.1709e+48,2.1077e+45,2.1077e+42
2.5991e+03,6.4065e+52,6.4065e+52,6.4065e+52,5.7296e+04,3.1831e+07,3.1831e+10,1.1181e+48,2.0127e+45,2.0127e+42
2.6598e+03,6.1176e+52,6.1176e+52,6.1176e+52,5.7296e+04,3.1831e+07,3.1831e+10,1.0677e+48,1.9219e+45,1.9219e+42
2.7219e+03,5.8417e+52,5.8417e+52,5.8417e+52,5.7296e+04,3.1831e+07,3.1831e+10,1.0196e+48,1.8352e+45,1.8352e+42
2.7854e+03,5.5783e+52,5.5783e+52,5.5783e+52,5.7296e+04,3.1831e+07,3.1831e+10,9.7359e+47,1.7525e+45,1.7525e+42
2.8504e+03,5.3267e+52,5.3267e+52,5.3267e+52,5.7296e+04,3.1831e+07,3.1831e+10,9.2969e+47,1.6734e+45,1.6734e+42
2.9170e+03,5.0865e+52,5.0865e+52,5.0865e+52,5.7296e+04,3.1831e+07,3.1831e+10,8.8776e+47,1.5980e+45,1.5980e+42
2.9850e+03,4.8571e+52,4.8571e+52,4.8571e+52,5.7296e+04,3.1831e+07,3.1831e+10,8.4773e+47,1.5259e+45,1.5259e+42
3.0547e+03,4.6381e+52,4.6381e+52,4.6381e+52,5.7296e+04,3.1831e+07,3.1831e+10,8.0950e+47,1.4571e+45,1.4571e+42
3.1260e+03,4.4289e+52,4.4289e+52,4.4289e+52,5.7296e+04,3.1831e+07,3.1831e+10,7.7299e+47,1.3914e+45,1.3914e+42
3.1990e+03,4.2292e+52,4.2292e+52,4.2292e+52,5.7296e+04,3.1831e+07,3.1831e+10,7.3814e+47,1.3286e+45,1.3286e+42
3.2736e+03,4.0385e+52,4.0385e+52,4.0385e+52,5.7296e+04,3.1831e+07,3.1831e+10,7.0485e+47,1.2687e+45,1.2687e+42
3.3500e+03,3.8564e+52,3.8564e+52,3.8564e+52,5.7296e+04,3.1831e+07,3.1831e+10,6.7306e+47,1.2115e+45,1.2115e+42
3.4282e+03,3.6825e+52,3.6825e+52,3.6825e+52,5.7296e+04,3.1831e+07,3.1831e+10,6.4271e+47,1.1569e+45,1.1569e+42
3.5082e+03,3.5164e+52,3.5164e+52,3.5164e+52,5.7296e+04,3.1831e+07,3.1831e+10,6.1373e+47,1.1047e+45,1.1047e+42
3.5901e+03,3.3578e+52,3.3578e+52,3.3578e+52,5.7296e+04,3.1831e+07,3.1831e+10,5.8605e+47,1.0549e+45,1.0549e+42
3.6739e+03,3.2064e+52,3.2064e+52,3.2064e+52,5.7296e+04,3.1831e+07,3.1831e+10,5.5962e+47,1.0073e+45,1.0073e+42
3.7597e+03,3.0618e+52,3.0618e+52,3.0618e+52,5.7296e+04,3.1831e+07,3.1831e+10,5.3439e+47,9.6190e+44,9.6190e+41
3.8474e+03,2.9237e+52,2.9237e+52,2.9237e+52,5.7296e+04,3.1831e+07,3.1831e+10,5.1029e+47,9.1852e+44,9.1852e+41
3.9372e+03,2.7919e+52,2.7919e+52,2.7919e+52,5.7296e+04,3.1831e+07,3.1831e+10,4.8728e+47,8.7710e+44,8.7710e+41
4.0291e+03,2.6660e+52,2.6660e+52,2.6660e+52,5.7296e+04,3.1831e+07,3.1831e+10,4.6530e+47,8.3754e+44,8.3754e+41
4.1232e+03,2.5458e+52,2.5458e+52,2.5458e+52,5.7296e+04,3.1831e+07,3.1831e+10,4.4432e+47,7.9977e+44,7.9977e+41
4.2194e+03,2.4310e+52,2.4310e+52,2.4310e+52,5.7296e+04,3.1831e+07,3.1831e+10,4.2428e+47,7.6371e+44,7.6371e+41
4.3179e+03,2.3213e+52,2.3213e+52,2.3213e+52,5.7296e+04,3.1831e+07,3.1831e+10,4.0515e+47,7.2927e+44,7.2927e+41
4.4187e+03,2.2167e+52,2.2167e+52,2.2167e+52,5.7296e+04,3.1831e+07,3.1831e+10,3.8688e+47,6.9638e+44,6.9638e+41
4.5218e+03,2.1167e+52,2.1167e+52,2.1167e+52,5.7296e+04,3.1831e+07,3.1831e+10,3.6943e+47,6.6498e+44,6.6498e+41
4.6273e+03,2.0212e+52,2.0212e+52,2.0212e+52,5.7296e+04,3.1831e+07,3.1831e+10,3.5277e+47,6.3499e+44,6.3499e+41
4.7353e+03,1.9301e+52,1.9301e+52,1.9301e+52,5.7296e+04,3.1831e+07,3.1831e+10,3.3686e+47,6.0636e+44,6.0636e+41
4.8459e+03,1.8431e+52,1.8431e+52,1.8431e+52,5.7296e+04,3.1831e+07,3.1831e+10,3.2167e+47,5.7901e+44,5.7901e+41
4.9590e+03,1.7599e+52,1.7599e+52,1.7599e+52,5.7296e+04,3.1831e+07,3.1831e+10,3.0717e+47,5.5290e+44,5.5290e+41
5.0747e+03,1.6806e+52,1.6806e+52,1.6806e+52,5.7296e+04,3.1831e+07,3.1831e+10,2.9332e+47,5.2797e+44,5.2797e+41
5.1931e+03,1.6048e+52,1.6048e+52,1.6048e+52,5.7296e+04,3.1831e+07,3.1831e+10,2.8009e+47,5.0416e+44,5.0416e+41
5.3144e+03,1.5324e+52,1.5324e+52,1.5324e+52,5.7296e+04,3.1831e+07,3.1831e+10,2.6746e+47,4.8142e+44,4.8142e+41
5.4384e+03,1.4633e+52,1.4633e+52,1.4633e+52,5.7296e+04,3.1831e+07,3.1831e+10,2.5540e+47,4.5971e+44,4.5971e+41
5.5653e+03,1.3973e+52,1.3973e+52,1.3973e+52,5.7296e+04,3.1831e+07,3.1831e+10,2.4388e+47,4.3898e+44,4.3898e+41
5.6952e+03,1.3343e+52,1.3343e+52,1.3343e+52,5.7296e+04,3.1831e+07,3.1831e+10,2.3288e+47,4.1919e+44,4.1919e+41
5.8282e+03,1.2741e+52,1.2741e+52,1.2741e+52,5.7296e+04,3.1831e+07,3.1831e+10,2.2238e+47,4.0028e+44,4.0028e+41
5.9642e+03,1.2167e+52,1.2167e+52,1.2167e+52,5.7296e+04,3.1831e+07,3.1831e+10,2.1235e+47,3.8223e+44,3.8223e+41
6.1034e+03,1.1618e+52,1.1618e+52,1.1618e+52,5.7296e+04,3.1831e+07,3.1831e+10,2.0277e+47,3.6499e+44,3.6499e+41
6.2458e+03,1.1094e+52,1.1094e+52,1.1094e+52,5.7296e+04,3.1831e+07,3.1831e+10,1.9363e+47,3.4853e+44,3.4853e+41
6.3916e+03,1.0594e+52,1.0594e+52,1.0594e+52,5.7296e+04,3.1831e+07,3.1831e+10,1.8490e+47,3.3282e+44,3.3282e+41
6.5408e+03,1.0116e+52,1.0116e+52,1.0116e+52,5.7296e+04,3.1831e+07,3.1831e+10,1.7656e+47,3.1781e+44,3.1781e+41
6.6935e+03,9.6600e+51,9.6600e+51,9.6600e+51,5.7296e+04,3.1831e+07,3.1831e+10,1.6860e+47,3.0348e+44,3.0348e+41
6.8497e+03,9.2244e+51,9.2244e+51,9.2244e+51,5.7296e+04,3.1831e+07,3.1831e+10,1.6100e+47,2.8979e+44,2.8979e+41
7.0096e+03,8.8084e+51,8.8084e+51,8.8084e+51,5.7296e+04,3.1831e+07,3.1831e+10,1.5374e+47,2.7672e+44,2.7672e+41
7.1732e+03,8.4112e+51,8.4112e+51,8.4112e+51,5.7296e+04,3.1831e+07,3.1831e+10,1.4680e+47,2.6424e+44,2.6424e+41
7.3406e+03,8.0319e+51,8.0319e+51,8.0319e+51,5.7296e+04,3.1831e+07,3.1831e+10,1.4018e+47,2.5233e+44,2.5233e+41
7.5119e+03,7.6697e+51,7.6697e+51,7.6697e+51,5.7296e+04,3.1831e+07,3.1831e+10,1.3386e+47,2.4095e+44,2.4095e+41
7.6873e+03,7.3238e+51,7.3238e+51,7.3238e+51,5.7296e+04,3.1831e+07,3.1831e+10,1.2782e+47,2.3008e+44,2.3008e+41
7.8667e+03,6.9935e+51,6.9935e+51,6.9935e+51,5.7296e+04,3.1831e+07,3.1831e+10,1.2206e+47,2.1971e+44,2.1971e+41
8.0503e+03,6.6781e+51,6.6781e+51,6.6781e+51,5.7296e+04,3.1831e+07,3.1831e+10,1.1656e+47,2.0980e+44,2.0980e+41
8.2382e+03,6.3770e+51,6.3770e+51,6.3770e+51,5.7296e+04,3.1831e+07,3.1831e+10,1.1130e+47,2.0034e+44,2.0034e+41
8.4305e+03,6.0894e+51,6.0894e+51,6.0894e+51,5.7296e+04,3.1831e+07,3.1831e+10,1.0628e+47,1.9130e+44,1.9130e+41
8.6272e+03,5.8148e+51,5.8148e+51,5.8148e+51,5.7296e+04,3.1831e+07,3.1831e+10,1.0149e+47,1.8268e+44,1.8268e+41
8.8286e+03,5.5526e+51,5.5526e+51,5.5526e+51,5.7296e+04,3.1831e+07,3.1831e+10,9.6911e+46,1.7444e+44,1.7444e+41
9.0347e+03,5.3022e+51,5.3022e+51,5.3022e+51,5.7296e+04,3.1831e+07,3.1831e+10,9.2541e+46,1.6657e+44,1.6657e+41
9.2455e+03,5.0631e+51,5.0631e+51,5.0631e+51,5.7296e+04,3.1831e+07,3.1831e+10,8.8367e+46,1.5906e+44,1.5906e+41
9.4613e+03,4.8348e+51,4.8348e+51,4.8348e+51,5.7296e+04,3.1831e+07,3.1831e+10,8.4382e+46,1.5189e+44,1.5189e+41
9.6822e+03,4.6167e+51,4.6167e+51,4.6167e+51,5.7296e+04,3.1831e+07,3.1831e+10,8.0577e+46,1.4504e+44,1.4504e+41
9.9081e+03,4.4085e+51,4.4085e+51,4.4085e+51,5.7296e+04,3.1831e+07,3.1831e+10,7.6944e+46,1.3850e+44,1.3850e+41
1.0139e+04,4.2097e+51,4.2097e+51,4.2097e+51,5.7296e+04,3.1831e+07,3.1831e+10,7.3474e+46,1.3225e+44,1.3225e+41
1.0376e+04,4.0199e+51,4.0199e+51,4.0199e+51,5.7296e+04,3.1831e+07,3.1831e+10,7.0160e+46,1.2629e+44,1.2629e+41
1.0618e+04,3.8386e+51,3.8386e+51,3.8386e+51,5.7296e+04,3.1831e+07,3.1831e+10,6.6996e+46,1.2059e+44,1.2059e+41
1.0866e+04,3.6655e+51,3.6655e+51,3.6655e+51,5.7296e+04,3.1831e+07,3.1831e+10,6.3975e+46,1.1516e+44,1.1516e+41
1.1120e+04,3.5002e+51,3.5002e+51,3.5002e+51,5.7296e+04,3.1831e+07,3.1831e+10,6.1090e+46,1.0996e+44,1.0996e+41
1.1379e+04,3.3424e+51,3.3424e+51,3.3424e+51,5.7296e+04,3.1831e+07,3.1831e+10,5.8335e+46,1.0500e+44,1.0500e+41
1.1645e+04,3.1916e+51,3.1916e+51,3.1916e+51,5.7296e+04,3.1831e+07,3.1831e+10,5.5705e+46,1.0027e+44,1.0027e+41
1.1917e+04,3.0477e+51,3.0477e+51,3.0477e+51,5.7296e+04,3.1831e+07,3.1831e+10,5.3193e+46,9.5747e+43,9.5747e+40
1.2195e+04,2.9103e+51,2.9103e+51,2.9103e+51,5.7296e+04,3.1831e+07,3.1831e+10,5.0794e+46,9.1429e+43,9.1429e+40
1.2479e+04,2.7790e+51,2.7790e+51,2.7790e+51,5.7296e+04,3.1831e+07,3.1831e+10,4.8503e+46,8.7306e+43,8.7306e+40
1.2771e+04,2.6537e+51,2.6537e+51,2.6537e+51,5.7296e+04,3.1831e+07,3.1831e+10,4.6316e+46,8.3369e+43,8.3369e+40
1.3069e+04,2.5340e+51,2.5340e+51,2.5340e+51,5.7296e+04,3.1831e+07,3.1831e+10,4.4227e+46,7.9609e+43,7.9609e+40
1.3374e+04,2.4198e+51,2.4198e+51,2.4198e+51,5.7296e+04,3.1831e+07,3.1831e+10,4.2233e+46,7.6019e+43,7.6019e+40
1.3686e+04,2.3106e+51,2.3106e+51,2.3106e+51,5.7296e+04,3.1831e+07,3.1831e+10,4.0328e+46,7.2591e+43,7.2591e+40
1.4005e+04,2.2064e+51,2.2064e+51,2.2064e+51,5.7296e+04,3.1831e+07,3.1831e+10,3.8510e+46,6.9318e+43,6.9318e+40
1.4332e+04,2.1069e+51,2.1069e+51,2.1069e+51,5.7296e+04,3.1831e+07,3.1831e+10,3.6773e+46,6.6192e+43,6.6192e+40
1.4667e+04,2.0119e+51,2.0119e+51,2.0119e+51,5.7296e+04,3.1831e+07,3.1831e+10,3.5115e+46,6.3207e+43,6.3207e+40
1.5009e+04,1.9212e+51,1.9212e+51,1.9212e+51,5.7296e+04,3.1831e+07,3.1831e+10,3.3531e+46,6.0356e+43,6.0356e+40
1.5359e+04,1.8346e+51,1.8346e+51,1.8346e+51,5.7296e+04,3.1831e+07,3.1831e+10,3.2019e+46,5.7635e+43,5.7635e+40
1.5718e+04,1.7518e+51,1.7518e+51,1.7518e+51,5.7296e+04,3.1831e+07,3.1831e+10,3.0575e+46,5.5036e+43,5.5036e+40
1.6085e+04,1.6728e+51,1.6728e+51,1.6728e+51,5.7296e+04,3.1831e+07,3.1831e+10,2.9196e+46,5.2554e+43,5.2554e+40
1.6460e+04,1.5974e+51,1.5974e+51,1.5974e+51,5.7296e+04,3.1831e+07,3.1831e+10,2.7880e+46,5.0184e+43,5.0184e+40
1.6844e+04,1.5254e+51,1.5254e+51,1.5254e+51,5.7296e+04,3.1831e+07,3.1831e+10,2.6623e+46,4.7921e+43,4.7921e+40
1.7237e+04,1.4566e+51,1.4566e+51,1.4566e+51,5.7296e+04,3.1831e+07,3.1831e+10,2.5422e+46,4.5760e+43,4.5760e+40
1.7640e+04,1.3909e+51,1.3909e+51,1.3909e+51,5.7296e+04,3.1831e+07,3.1831e+10,2.4276e+46,4.3696e+43,4.3696e+40
1.8051e+04,1.3282e+51,1.3282e+51,1.3282e+51,5.7296e+04,3.1831e+07,3.1831e+10,2.3181e+46,4.1726e+43,4.1726e+40
1.8473e+04,1.2683e+51,1.2683e+51,1.2683e+51,5.7296e+04,3.1831e+07,3.1831e+10,2.2136e+46,3.9844e+43,3.9844e+40
1.8904e+04,1.2111e+51,1.2111e+51,1.2111e+51,5.7296e+04,3.1831e+07,3.1831e+10,2.1137e+46,3.8047e+43,3.8047e+40
1.9345e+04,1.1565e+51,1.1565e+51,1.1565e+51,5.7296e+04,3.1831e+07,3.1831e+10,2.0184e+46,3.6331e+43,3.6331e+40
1.9797e+04,1.1043e+51,1.1043e+51,1.1043e+51,5.7296e+04,3.1831e+07,3.1831e+10,1.9274e+46,3.4693e+43,3.4693e+40
2.0259e+04,1.0545e+51,1.0545e+51,1.0545e+51,5.7296e+04,3.1831e+07,3.1831e+10,1.8405e+46,3.3129e+43,3.3129e+40
2.0732e+04,1.0070e+51,1.0070e+51,1.0070e+51,5.7296e+04,3.1831e+07,3.1831e+10,1.7575e+46,3.1635e+43,3.1635e+40
2.1216e+04,9.6155e+50,9.6155e+50,9.6155e+50,5.7296e+04,3.1831e+07,3.1831e+10,1.6782e+46,3.0208e+43,3.0208e+40
2.1711e+04,9.1819e+50,9.1819e+50,9.1819e+50,5.7296e+04,3.1831e+07,3.1831e+10,1.6025e+46,2.8846e+43,2.8846e+40
2.2217e+04,8.7678e+50,8.7678e+50,8.7678e+50,5.7296e+04,3.1831e+07,3.1831e+10,1.5303e+46,2.7545e+43,2.7545e+40
2.2736e+04,8.3724e+50,8.3724e+50,8.3724e+50,5.7296e+04,3.1831e+07,3.1831e+10,1.4613e+46,2.6303e+43,2.6303e+40
2.3267e+04,7.9949e+50,7.9949e+50,7.9949e+50,5.7296e+04,3.1831e+07,3.1831e+10,1.3954e+46,2.5117e+43,2.5117e+40
2.3810e+04,7.6343e+50,7.6343e+50,7.6343e+50,5.7296e+04,3.1831e+07,3.1831e+10,1.3324e+46,2.3984e+43,2.3984e+40
2.4365e+04,7.2901e+50,7.2901e+50,7.2901e+50,5.7296e+04,3.1831e+07,3.1831e+10,1.2724e+46,2.2902e+43,2.2902e+40
2.4934e+04,6.9613e+50,6.9613e+50,6.9613e+50,5.7296e+04,3.1831e+07,3.1831e+10,1.2150e+46,2.1870e+43,2.1870e+40
2.5516e+04,6.6474e+50,6.6474e+50,6.6474e+50,5.7296e+04,3.1831e+07,3.1831e+10,1.1602e+46,2.0883e+43,2.0883e+40
2.6112e+04,6.3476e+50,6.3476e+50,6.3476e+50,5.7296e+04,3.1831e+07,3.1831e+10,1.1079e+46,1.9942e+43,1.9942e+40
2.6721e+04,6.0614e+50,6.0614e+50,6.0614e+50,5.7296e+04,3.1831e+07,3.1831e+10,1.0579e+46,1.9042e+43,1.9042e+40
2.7345e+04,5.7880e+50,5.7880e+50,5.7880e+50,5.7296e+04,3.1831e+07,3.1831e+10,1.0102e+46,1.8184e+43,1.8184e+40
2.7983e+04,5.5270e+50,5.5270e+50,5.5270e+50,5.7296e+04,3.1831e+07,3.1831e+10,9.6465e+45,1.7364e+43,1.7364e+40
2.8636e+04,5.2778e+50,5.2778e+50,5.2778e+50,5.7296e+04,3.1831e+07,3.1831e+10,9.2115e+45,1.6581e+43,1.6581e+40
2.9304e+04,5.0398e+50,5.0398e+50,5.0398e+50,5.7296e+04,3.1831e+07,3.1831e+10,8.7961e+45,1.5833e+43,1.5833e+40
2.9988e+04,4.8125e+50,4.8125e+50,4.8125e+50,5.7296e+04,3.1831e+07,3.1831e+10,8.3994e+45,1.5119e+43,1.5119e+40
3.0688e+04,4.5955e+50,4.5955e+50,4.5955e+50,5.7296e+04,3.1831e+07,3.1831e+10,8.0206e+45,1.4437e+43,1.4437e+40
3.1405e+04,4.3882e+50,4.3882e+50,4.3882e+50,5.7296e+04,3.1831e+07,3.1831e+10,7.6589e+45,1.3786e+43,1.3786e+40
3.2138e+04,4.1904e+50,4.1904e+50,4.1904e+50,5.7296e+04,3.1831e+07,3.1831e+10,7.3135e+45,1.3164e+43,1.3164e+40
3.2888e+04,4.0014e+50,4.0014e+50,4.0014e+50,5.7296e+04,3.1831e+07,3.1831e+10,6.9837e+45,1.2571e+43,1.2571e+40
3.3655e+04,3.8209e+50,3.8209e+50,3.8209e+50,5.7296e+04,3.1831e+07,3.1831e+10,6.6688e+45,1.2004e+43,1.2004e+40
3.4441e+04,3.6486e+50,3.6486e+50,3.6486e+50,5.7296e+04,3.1831e+07,3.1831e+10,6.3681e+45,1.1463e+43,1.1463e+40
3.5245e+04,3.4841e+50,3.4841e+50,3.4841e+50,5.7296e+04,3.1831e+07,3.1831e+10,6.0809e+45,1.0946e+43,1.0946e+40
3.6067e+04,3.3270e+50,3.3270e+50,3.3270e+50,5.7296e+04,3.1831e+07,3.1831e+10,5.8067e+45,1.0452e+43,1.0452e+40
3.6909e+04,3.1769e+50,3.1769e+50,3.1769e+50,5.7296e+04,3.1831e+07,3.1831e+10,5.5448e+45,9.9807e+42,9.9807e+39
3.7771e+04,3.0337e+50,3.0337e+50,3.0337e+50,5.7296e+04,3.1831e+07,3.1831e+10,5.2948e+45,9.5306e+42,9.5306e+39
3.8652e+04,2.8969e+50,2.8969e+50,2.8969e+50,5.7296e+04,3.1831e+07,3.1831e+10,5.0560e+45,9.1008e+42,9.1008e+39
3.9554e+04,2.7662e+50,2.7662e+50,2.7662e+50,5.7296e+04,3.1831e+07,3.1831e+10,4.8280e+45,8.6904e+42,8.6904e+39
4.0478e+04,2.6415e+50,2.6415e+50,2.6415e+50,5.7296e+04,3.1831e+07,3.1831e+10,4.6103e+45,8.2985e+42,8.2985e+39
4.1422e+04,2.5224e+50,2.5224e+50,2.5224e+50,5.7296e+04,3.1831e+07,3.1831e+10,4.4024e+45,7.9243e+42,7.9243e+39
4.2389e+04,2.4086e+50,2.4086e+50,2.4086e+50,5.7296e+04,3.1831e+07,3.1831e+10,4.2038e+45,7.5669e+42,7.5669e+39
4.3379e+04,2.3000e+50,2.3000e+50,2.3000e+50,5.7296e+04,3.1831e+07,3.1831e+10,4.0143e+45,7.2257e+42,7.2257e+39
4.4391e+04,2.1963e+50,2.1963e+50,2.1963e+50,5.7296e+04,3.1831e+07,3.1831e+10,3.8332e+45,6.8998e+42,6.8998e+39
4.5427e+04,2.0972e+50,2.0972e+50,2.0972e+50,5.7296e+04,3.1831e+07,3.1831e+10,3.6604e+45,6.5887e+42,6.5887e+39
4.6487e+04,2.0027e+50,2.0027e+50,2.0027e+50,5.7296e+04,3.1831e+07,3.1831e+10,3.4953e+45,6.2916e+42,6.2916e+39
4.7572e+04,1.9124e+50,1.9124e+50,1.9124e+50,5.7296e+04,3.1831e+07,3.1831e+10,3.3377e+45,6.0079e+42,6.0079e+39
4.8683e+04,1.8261e+50,1.8261e+50,1.8261e+50,5.7296e+04,3.1831e+07,3.1831e+10,3.1872e+45,5.7369e+42,5.7369e+39
4.9819e+04,1.7438e+50,1.7438e+50,1.7438e+50,5.7296e+04,3.1831e+07,3.1831e+10,3.0435e+45,5.4782e+42,5.4782e+39
5.0982e+04,1.6651e+50,1.6651e+50,1.6651e+50,5.7296e+04,3.1831e+07,3.1831e+10,2.9062e+45,5.2312e+42,5.2312e+39
5.2172e+04,1.5900e+50,1.5900e+50,1.5900e+50,5.7296e+04,3.1831e+07,3.1831e+10,2.7751e+45,4.9953e+42,4.9953e+39
5.3389e+04,1.5183e+50,1.5183e+50,1.5183e+50,5.7296e+04,3.1831e+07,3.1831e+10,2.6500e+45,4.7700e+42,4.7700e+39
5.4636e+04,1.4499e+50,1.4499e+50,1.4499e+50,5.7296e+04,3.1831e+07,3.1831e+10,2.5305e+45,4.5549e+42,4.5549e+39
5.5911e+04,1.3845e+50,1.3845e+50,1.3845e+50,5.7296e+04,3.1831e+07,3.1831e+10,2.4164e+45,4.3495e+42,4.3495e+39
5.7216e+04,1.3221e+50,1.3221e+50,1.3221e+50,5.7296e+04,3.1831e+07,3.1831e+10,2.3074e+45,4.1533e+42,4.1533e+39
5.8551e+04,1.2624e+50,1.2624e+50,1.2624e+50,5.7296e+04,3.1831e+07,3.1831e+10,2.2034e+45,3.9661e+42,3.9661e+39
5.9918e+04,1.2055e+50,1.2055e+50,1.2055e+50,5.7296e+04,3.1831e+07,3.1831e+10,2.1040e+45,3.7872e+42,3.7872e+39
6.1316e+04,1.1511e+50,1.1511e+50,1.1511e+50,5.7296e+04,3.1831e+07,3.1831e+10,2.0091e+45,3.6164e+42,3.6164e+39
6.2747e+04,1.0992e+50,1.0992e+50,1.0992e+50,5.7296e+04,3.1831e+07,3.1831e+10,1.9185e+45,3.4533e+42,3.4533e+39
6.4212e+04,1.0497e+50,1.0497e+50,1.0497e+50,5.7296e+04,3.1831e+07,3.1831e+10,1.8320e+45,3.2976e+42,3.2976e+39
6.5711e+04,1.0023e+50,1.0023e+50,1.0023e+50,5.7296e+04,3.1831e+07,3.1831e+10,1.7494e+45,3.1489e+42,3.1489e+39
6.7244e+04,9.5712e+49,9.5712e+49,9.5712e+49,5.7296e+04,3.1831e+07,3.1831e+10,1.6705e+45,3.0069e+42,3.0069e+39
6.8814e+04,9.1396e+49,9.1396e+49,9.1396e+49,5.7296e+04,3.1831e+07,3.1831e+10,1.5952e+45,2.8713e+42,2.8713e+39
7.0420e+04,8.7275e+49,8.7275e+49,8.7275e+49,5.7296e+04,3.1831e+07,3.1831e+10,1.5232e+45,2.7418e+42,2.7418e+39
7.2064e+04,8.3339e+49,8.3339e+49,8.3339e+49,5.7296e+04,3.1831e+07,3.1831e+10,1.4545e+45,2.6182e+42,2.6182e+39
7.3745e+04,7.9581e+49,7.9581e+49,7.9581e+49,5.7296e+04,3.1831e+07,3.1831e+10,1.3889e+45,2.5001e+42,2.5001e+39
7.5467e+04,7.5992e+49,7.5992e+49,7.5992e+49,5.7296e+04,3.1831e+07,3.1831e+10,1.3263e+45,2.3874e+42,2.3874e+39
7.7228e+04,7.2565e+49,7.2565e+49,7.2565e+49,5.7296e+04,3.1831e+07,3.1831e+10,1.2665e+45,2.2797e+42,2.2797e+39
7.9031e+04,6.9293e+49,6.9293e+49,6.9293e+49,5.7296e+04,3.1831e+07,3.1831e+10,1.2094e+45,2.1769e+42,2.1769e+39
8.0875e+04,6.6168e+49,6.6168e+49,6.6168e+49,5.7296e+04,3.1831e+07,3.1831e+10,1.1548e+45,2.0787e+42,2.0787e+39
8.2763e+04,6.3184e+49,6.3184e+49,6.3184e+49,5.7296e+04,3.1831e+07,3.1831e+10,1.1028e+45,1.9850e+42,1.9850e+39
8.4695e+04,6.0335e+49,6.0335e+49,6.0335e+49,5.7296e+04,3.1831e+07,3.1831e+10,1.0530e+45,1.8955e+42,1.8955e+39
8.6671e+04,5.7614e+49,5.7614e+49,5.7614e+49,5.7296e+04,3.1831e+07,3.1831e+10,1.0056e+45,1.8100e+42,1.8100e+39
8.8694e+04,5.5016e+49,5.5016e+49,5.5016e+49,5.7296e+04,3.1831e+07,3.1831e+10,9.6021e+44,1.7284e+42,1.7284e+39
9.0764e+04,5.2535e+49,5.2535e+49,5.2535e+49,5.7296e+04,3.1831e+07,3.1831e+10,9.1690e+44,1.6504e+42,1.6504e+39
9.2883e+04,5.0166e+49,5.0166e+49,5.0166e+49,5.7296e+04,3.1831e+07,3.1831e+10,8.7556e+44,1.5760e+42,1.5760e+39
9.5051e+04,4.7903e+49,4.7903e+49,4.7903e+49,5.7296e+04,3.1831e+07,3.1831e+10,8.3607e+44,1.5049e+42,1.5049e+39
9.7269e+04,4.5743e+49,4.5743e+49,4.5743e+49,5.7296e+04,3.1831e+07,3.1831e+10,7.9837e+44,1.4371e+42,1.4371e+39
9.9540e+04,4.3680e+49,4.3680e+49,4.3680e+49,5.7296e+04,3.1831e+07,3.1831e+10,7.6237e+44,1.3723e+42,1.3723e+39
1.0186e+05,4.1711e+49,4.1711e+49,4.1711e+49,5.7296e+04,3.1831e+07,3.1831e+10,7.2799e+44,1.3104e+42,1.3104e+39
1.0424e+05,3.9830e+49,3.9830e+49,3.9830e+49,5.7296e+04,3.1831e+07,3.1831e+10,6.9516e+44,1.2513e+42,1.2513e+39
1.0667e+05,3.8034e+49,3.8034e+49,3.8034e+49,5.7296e+04,3.1831e+07,3.1831e+10,6.6381e+44,1.1949e+42,1.1949e+39
1.0916e+05,3.6318e+49,3.6318e+49,3.6318e+49,5.7296e+04,3.1831e+07,3.1831e+10,6.3388e+44,1.1410e+42,1.1410e+39
1.1171e+05,3.4681e+49,3.4681e+49,3.4681e+49,5.7296e+04,3.1831e+07,3.1831e+10,6.0529e+44,1.0895e+42,1.0895e+39
1.1432e+05,3.3117e+49,3.3117e+49,3.3117e+49,5.7296e+04,3.1831e+07,3.1831e+10,5.7799e+44,1.0404e+42,1.0404e+39
1.1699e+05,3.1623e+49,3.1623e+49,3.1623e+49,5.7296e+04,3.1831e+07,3.1831e+10,5.5193e+44,9.9347e+41,9.9347e+38
1.1972e+05,3.0197e+49,3.0197e+49,3.0197e+49,5.7296e+04,3.1831e+07,3.1831e+10,5.2704e+44,9.4867e+41,9.4867e+38
1.2251e+05,2.8835e+49,2.8835e+49,2.8835e+49,5.7296e+04,3.1831e+07,3.1831e+10,5.0327e+44,9.0589e+41,9.0589e+38
1.2537e+05,2.7535e+49,2.7535e+49,2.7535e+49,5.7296e+04,3.1831e+07,3.1831e+10,4.8058e+44,8.6504e+41,8.6504e+38
1.2830e+05,2.6293e+49,2.6293e+49,2.6293e+49,5.7296e+04,3.1831e+07,3.1831e+10,4.5891e+44,8.2603e+41,8.2603e+38
1.3129e+05,2.5108e+49,2.5108e+49,2.5108e+49,5.7296e+04,3.1831e+07,3.1831e+10,4.3821e+44,7.8878e+41,7.8878e+38
1.3436e+05,2.3975e+49,2.3975e+49,2.3975e+49,5.7296e+04,3.1831e+07,3.1831e+10,4.1845e+44,7.5321e+41,7.5321e+38
1.3749e+05,2.2894e+49,2.2894e+49,2.2894e+49,5.7296e+04,3.1831e+07,3.1831e+10,3.9958e+44,7.1924e+41,7.1924e+38
1.4070e+05,2.1862e+49,2.1862e+49,2.1862e+49,5.7296e+04,3.1831e+07,3.1831e+10,3.8156e+44,6.8681e+41,6.8681e+38
1.4398e+05,2.0876e+49,2.0876e+49,2.0876e+49,5.7296e+04,3.1831e+07,3.1831e+10,3.6435e+44,6.5584e+41,6.5584e+38
1.4735e+05,1.9934e+49,1.9934e+49,1.9934e+49,5.7296e+04,3.1831e+07,3.1831e+10,3.4792e+44,6.2626e+41,6.2626e+38
1.5078e+05,1.9036e+49,1.9036e+49,1.9036e+49,5.7296e+04,3.1831e+07,3.1831e+10,3.3223e+44,5.9802e+41,5.9802e+38
1.5430e+05,1.8177e+49,1.8177e+49,1.8177e+49,5.7296e+04,3.1831e+07,3.1831e+10,3.1725e+44,5.7105e+41,5.7105e+38
1.5791e+05,1.7357e+49,1.7357e+49,1.7357e+49,5.7296e+04,3.1831e+07,3.1831e+10,3.0294e+44,5.4530e+41,5.4530e+38
1.6159e+05,1.6575e+49,1.6575e+49,1.6575e+49,5.7296e+04,3.1831e+07,3.1831e+10,2.8928e+44,5.2071e+41,5.2071e+38
1.6536e+05,1.5827e+49,1.5827e+49,1.5827e+49,5.7296e+04,3.1831e+07,3.1831e+10,2.7624e+44,4.9723e+41,4.9723e+38
1.6922e+05,1.5113e+49,1.5113e+49,1.5113e+49,5.7296e+04,3.1831e+07,3.1831e+10,2.6378e+44,4.7480e+41,4.7480e+38
1.7317e+05,1.4432e+49,1.4432e+49,1.4432e+49,5.7296e+04,3.1831e+07,3.1831e+10,2.5188e+44,4.5339e+41,4.5339e+38
1.7721e+05,1.3781e+49,1.3781e+49,1.3781e+49,5.7296e+04,3.1831e+07,3.1831e+10,2.4053e+44,4.3295e+41,4.3295e+38
1.8135e+05,1.3160e+49,1.3160e+49,1.3160e+49,5.7296e+04,3.1831e+07,3.1831e+10,2.2968e+44,4.1342e+41,4.1342e+38
1.8558e+05,1.2566e+49,1.2566e+49,1.2566e+49,5.7296e+04,3.1831e+07,3.1831e+10,2.1932e+44,3.9478e+41,3.9478e+38
1.8991e+05,1.2000e+49,1.2000e+49,1.2000e+49,5.7296e+04,3.1831e+07,3.1831e+10,2.0943e+44,3.7698e+41,3.7698e+38
1.9435e+05,1.1458e+49,1.1458e+49,1.1458e+49,5.7296e+04,3.1831e+07,3.1831e+10,1.9999e+44,3.5998e+41,3.5998e+38
1.9888e+05,1.0942e+49,1.0942e+49,1.0942e+49,5.7296e+04,3.1831e+07,3.1831e+10,1.9097e+44,3.4374e+41,3.4374e+38
2.0352e+05,1.0448e+49,1.0448e+49,1.0448e+49,5.7296e+04,3.1831e+07,3.1831e+10,1.8236e+44,3.2824e+41,3.2824e+38
2.0828e+05,9.9771e+48,9.9771e+48,9.9771e+48,5.7296e+04,3.1831e+07,3.1831e+10,1.7413e+44,3.1344e+41,3.1344e+38
2.1314e+05,9.5272e+48,9.5272e+48,9.5272e+48,5.7296e+04,3.1831e+07,3.1831e+10,1.6628e+44,2.9930e+41,2.9930e+38
2.1811e+05,9.0975e+48,9.0975e+48,9.0975e+48,5.7296e+04,3.1831e+07,3.1831e+10,1.5878e+44,2.8581e+41,2.8581e+38
2.2320e+05,8.6873e+48,8.6873e+48,8.6873e+48,5.7296e+04,3.1831e+07,3.1831e+10,1.5162e+44,2.7292e+41,2.7292e+38
2.2841e+05,8.2955e+48,8.2955e+48,8.2955e+48,5.7296e+04,3.1831e+07,3.1831e+10,1.4478e+44,2.6061e+41,2.6061e+38
2.3374e+05,7.9214e+48,7.9214e+48,7.9214e+48,5.7296e+04,3.1831e+07,3.1831e+10,1.3826e+44,2.4886e+41,2.4886e+38
2.3920e+05,7.5642e+48,7.5642e+48,7.5642e+48,5.7296e+04,3.1831e+07,3.1831e+10,1.3202e+44,2.3764e+41,2.3764e+38
2.4478e+05,7.2231e+48,7.2231e+48,7.2231e+48,5.7296e+04,3.1831e+07,3.1831e+10,1.2607e+44,2.2692e+41,2.2692e+38
2.5049e+05,6.8974e+48,6.8974e+48,6.8974e+48,5.7296e+04,3.1831e+07,3.1831e+10,1.2038e+44,2.1669e+41,2.1669e+38
2.5634e+05,6.5863e+48,6.5863e+48,6.5863e+48,5.7296e+04,3.1831e+07,3.1831e+10,1.1495e+44,2.0692e+41,2.0692e+38
2.6232e+05,6.2893e+48,6.2893e+48,6.2893e+48,5.7296e+04,3.1831e+07,3.1831e+10,1.0977e+44,1.9758e+41,1.9758e+38
2.6845e+05,6.0057e+48,6.0057e+48,6.0057e+48,5.7296e+04,3.1831e+07,3.1831e+10,1.0482e+44,1.8867e+41,1.8867e+38
2.7471e+05,5.7349e+48,5.7349e+48,5.7349e+48,5.7296e+04,3.1831e+07,3.1831e+10,1.0009e+44,1.8017e+41,1.8017e+38
2.8112e+05,5.4762e+48,5.4762e+48,5.4762e+48,5.7296e+04,3.1831e+07,3.1831e+10,9.5579e+43,1.7204e+41,1.7204e+38
2.8769e+05,5.2293e+48,5.2293e+48,5.2293e+48,5.7296e+04,3.1831e+07,3.1831e+10,9.1268e+43,1.6428e+41,1.6428e+38
2.9440e+05,4.9935e+48,4.9935e+48,4.9935e+48,5.7296e+04,3.1831e+07,3.1831e+10,8.7153e+43,1.5687e+41,1.5687e+38
3.0127e+05,4.7683e+48,4.7683e+48,4.7683e+48,5.7296e+04,3.1831e+07,3.1831e+10,8.3222e+43,1.4980e+41,1.4980e+38
3.0830e+05,4.5533e+48,4.5533e+48,4.5533e+48,5.7296e+04,3.1831e+07,3.1831e+10,7.9469e+43,1.4304e+41,1.4304e+38
3.1550e+05,4.3479e+48,4.3479e+48,4.3479e+48,5.7296e+04,3.1831e+07,3.1831e+10,7.5886e+43,1.3659e+41,1.3659e+38
3.2286e+05,4.1519e+48,4.1519e+48,4.1519e+48,5.7296e+04,3.1831e+07,3.1831e+10,7.2464e+43,1.3043e+41,1.3043e+38
3.3040e+05,3.9646e+48,3.9646e+48,3.9646e+48,5.7296e+04,3.1831e+07,3.1831e+10,6.9196e+43,1.2455e+41,1.2455e+38
3.3811e+05,3.7858e+48,3.7858e+48,3.7858e+48,5.7296e+04,3.1831e+07,3.1831e+10,6.6075e+43,1.1894e+41,1.1894e+38
3.4600e+05,3.6151e+48,3.6151e+48,3.6151e+48,5.7296e+04,3.1831e+07,3.1831e+10,6.3096e+43,1.1357e+41,1.1357e+38
3.5408e+05,3.4521e+48,3.4521e+48,3.4521e+48,5.7296e+04,3.1831e+07,3.1831e+10,6.0250e+43,1.0845e+41,1.0845e+38
3.6234e+05,3.2964e+48,3.2964e+48,3.2964e+48,5.7296e+04,3.1831e+07,3.1831e+10,5.7533e+43,1.0356e+41,1.0356e+38
3.7080e+05,3.1478e+48,3.1478e+48,3.1478e+48,5.7296e+04,3.1831e+07,3.1831e+10,5.4939e+43,9.8890e+40,9.8890e+37
3.7945e+05,3.0058e+48,3.0058e+48,3.0058e+48,5.7296e+04,3.1831e+07,3.1831e+10,5.2461e+43,9.4430e+40,9.4430e+37
3.8831e+05,2.8703e+48,2.8703e+48,2.8703e+48,5.7296e+04,3.1831e+07,3.1831e+10,5.0096e+43,9.0172e+40,9.0172e+37
3.9737e+05,2.7408e+48,2.7408e+48,2.7408e+48,5.7296e+04,3.1831e+07,3.1831e+10,4.7836e+43,8.6106e+40,8.6106e+37
4.0665e+05,2.6172e+48,2.6172e+48,2.6172e+48,5.7296e+04,3.1831e+07,3.1831e+10,4.5679e+43,8.2223e+40,8.2223e+37
4.1614e+05,2.4992e+48,2.4992e+48,2.4992e+48,5.7296e+04,3.1831e+07,3.1831e+10,4.3619e+43,7.8515e+40,7.8515e+37
4.2585e+05,2.3865e+48,2.3865e+48,2.3865e+48,5.7296e+04,3.1831e+07,3.1831e+10,4.1652e+43,7.4974e+40,7.4974e+37
4.3579e+05,2.2789e+48,2.2789e+48,2.2789e+48,5.7296e+04,3.1831e+07,3.1831e+10,3.9774e+43,7.1593e+40,7.1593e+37
4.4596e+05,2.1761e+48,2.1761e+48,2.1761e+48,5.7296e+04,3.1831e+07,3.1831e+10,3.7980e+43,6.8365e+40,6.8365e+37
4.5637e+05,2.0780e+48,2.0780e+48,2.0780e+48,5.7296e+04,3.1831e+07,3.1831e+10,3.6268e+43,6.5282e+40,6.5282e+37
4.6702e+05,1.9843e+48,1.9843e+48,1.9843e+48,5.7296e+04,3.1831e+07,3.1831e+10,3.4632e+43,6.2338e+40,6.2338e+37
4.7792e+05,1.8948e+48,1.8948e+48,1.8948e+48,5.7296e+04,3.1831e+07,3.1831e+10,3.3070e+43,5.9527e+40,5.9527e+37
4.8908e+05,1.8093e+48,1.8093e+48,1.8093e+48,5.7296e+04,3.1831e+07,3.1831e+10,3.1579e+43,5.6842e+40,5.6842e+37
5.0049e+05,1.7278e+48,1.7278e+48,1.7278e+48,5.7296e+04,3.1831e+07,3.1831e+10,3.0155e+43,5.4279e+40,5.4279e+37
5.1218e+05,1.6498e+48,1.6498e+48,1.6498e+48,5.7296e+04,3.1831e+07,3.1831e+10,2.8795e+43,5.1831e+40,5.1831e+37
5.2413e+05,1.5754e+48,1.5754e+48,1.5754e+48,5.7296e+04,3.1831e+07,3.1831e+10,2.7497e+43,4.9494e+40,4.9494e+37
5.3636e+05,1.5044e+48,1.5044e+48,1.5044e+48,5.7296e+04,3.1831e+07,3.1831e+10,2.6257e+43,4.7262e+40,4.7262e+37
5.4888e+05,1.4365e+48,1.4365e+48,1.4365e+48,5.7296e+04,3.1831e+07,3.1831e+10,2.5073e+43,4.5131e+40,4.5131e+37
5.6169e+05,1.3718e+48,1.3718e+48,1.3718e+48,5.7296e+04,3.1831e+07,3.1831e+10,2.3942e+43,4.3095e+40,4.3095e+37
5.7480e+05,1.3099e+48,1.3099e+48,1.3099e+48,5.7296e+04,3.1831e+07,3.1831e+10,2.2862e+43,4.1152e+40,4.1152e+37
5.8822e+05,1.2508e+48,1.2508e+48,1.2508e+48,5.7296e+04,3.1831e+07,3.1831e+10,2.1831e+43,3.9296e+40,3.9296e+37
6.0195e+05,1.1944e+48,1.1944e+48,1.1944e+48,5.7296e+04,3.1831e+07,3.1831e+10,2.0847e+43,3.7524e+40,3.7524e+37
6.1600e+05,1.1406e+48,1.1406e+48,1.1406e+48,5.7296e+04,3.1831e+07,3.1831e+10,1.9907e+43,3.5832e+40,3.5832e+37
6.3038e+05,1.0891e+48,1.0891e+48,1.0891e+48,5.7296e+04,3.1831e+07,3.1831e+10,1.9009e+43,3.4216e+40,3.4216e+37
6.4509e+05,1.0400e+48,1.0400e+48,1.0400e+48,5.7296e+04,3.1831e+07,3.1831e+10,1.8152e+43,3.2673e+40,3.2673e+37
6.6014e+05,9.9312e+47,9.9312e+47,9.9312e+47,5.7296e+04,3.1831e+07,3.1831e+10,1.7333e+43,3.1200e+40,3.1200e+37
6.7555e+05,9.4833e+47,9.4833e+47,9.4833e+47,5.7296e+04,3.1831e+07,3.1831e+10,1.6552e+43,2.9793e+40,2.9793e+37
6.9132e+05,9.0557e+47,9.0557e+47,9.0557e+47,5.7296e+04,3.1831e+07,3.1831e+10,1.5805e+43,2.8449e+40,2.8449e+37
7.0746e+05,8.6473e+47,8.6473e+47,8.6473e+47,5.7296e+04,3.1831e+07,3.1831e+10,1.5092e+43,2.7166e+40,2.7166e+37
7.2397e+05,8.2573e+47,8.2573e+47,8.2573e+47,5.7296e+04,3.1831e+07,3.1831e+10,1.4412e+43,2.5941e+40,2.5941e+37
7.4087e+05,7.8850e+47,7.8850e+47,7.8850e+47,5.7296e+04,3.1831e+07,3.1831e+10,1.3762e+43,2.4771e+40,2.4771e+37
7.5816e+05,7.5294e+47,7.5294e+47,7.5294e+47,5.7296e+04,3.1831e+07,3.1831e+10,1.3141e+43,2.3654e+40,2.3654e+37
7.7585e+05,7.1898e+47,7.1898e+47,7.1898e+47,5.7296e+04,3.1831e+07,3.1831e+10,1.2549e+43,2.2588e+40,2.2588e+37
7.9396e+05,6.8656e+47,6.8656e+47,6.8656e+47,5.7296e+04,3.1831e+07,3.1831e+10,1.1983e+43,2.1569e+40,2.1569e+37
8.1249e+05,6.5560e+47,6.5560e+47,6.5560e+47,5.7296e+04,3.1831e+07,3.1831e+10,1.1442e+43,2.0596e+40,2.0596e+37
8.3146e+05,6.2604e+47,6.2604e+47,6.2604e+47,5.7296e+04,3.1831e+07,3.1831e+10,1.0926e+43,1.9667e+40,1.9667e+37
8.5086e+05,5.9780e+47,5.9780e+47,5.9780e+47,5.7296e+04,3.1831e+07,3.1831e+10,1.0434e+43,1.8781e+40,1.8781e+37
8.7072e+05,5.7085e+47,5.7085e+47,5.7085e+47,5.7296e+04,3.1831e+07,3.1831e+10,9.9631e+42,1.7934e+40,1.7934e+37
8.9105e+05,5.4510e+47,5.4510e+47,5.4510e+47,5.7296e+04,3.1831e+07,3.1831e+10,9.5139e+42,1.7125e+40,1.7125e+37
9.1184e+05,5.2052e+47,5.2052e+47,5.2052e+47,5.7296e+04,3.1831e+07,3.1831e+10,9.0848e+42,1.6353e+40,1.6353e+37
9.3313e+05,4.9705e+47,4.9705e+47,4.9705e+47,5.7296e+04,3.1831e+07,3.1831e+10,8.6751e+42,1.5615e+40,1.5615e+37
9.5490e+05,4.7463e+47,4.7463e+47,4.7463e+47,5.7296e+04,3.1831e+07,3.1831e+10,8.2839e+42,1.4911e+40,1.4911e+37
9.7719e+05,4.5323e+47,4.5323e+47,4.5323e+47,5.7296e+04,3.1831e+07,3.1831e+10,7.9104e+42,1.4239e+40,1.4239e+37
1.0000e+06,4.3279e+47,4.3279e+47,4.3279e+47,5.7296e+04,3.1831e+07,3.1831e+10,7.5536e+42,1.3597e+40,1.3597e+37
